vertexes,edges,density,time
1,0,0.05,0.002919399980783055
2,0,0.05,0.0029334666730089034
3,0,0.05,0.00666806666534588
4,0,0.05,0.012765299993588997
5,1,0.05,0.021834766691123757
6,1,0.05,0.03542213332063208
7,2,0.05,0.05339313336965764
8,2,0.05,0.07674033334600001
9,3,0.05,0.1058638999741864
10,4,0.05,0.14195833333966826
11,5,0.05,0.18143879995780784
12,6,0.05,0.23211946668955838
13,7,0.05,0.2907527333187924
14,9,0.05,0.3554250333233237
15,10,0.05,0.433369366661888
16,12,0.05,0.5220374333248401
17,13,0.05,0.6213930666945089
18,15,0.05,0.7364181000032962
19,17,0.05,0.8671790666691473
20,19,0.05,0.9968055666452832
21,21,0.05,1.137268099978428
22,23,0.05,1.413376433326145
23,25,0.05,1.5058277666639697
24,27,0.05,1.7079249333316209
25,30,0.05,1.912405533319846
26,32,0.05,2.1664735999896343
27,35,0.05,2.4152278666861093
28,37,0.05,2.6635832333264866
29,40,0.05,2.9923248666667255
30,43,0.05,3.2752054666540666
31,46,0.05,3.6502818999982387
32,49,0.05,3.976808433321821
33,52,0.05,4.367848466646744
34,56,0.05,4.773879166684007
35,59,0.05,4.71953476667295
36,63,0.05,5.095762499990997
37,66,0.05,5.456632100003844
38,70,0.05,5.849966633347019
39,74,0.05,6.397433433312472
40,78,0.05,6.87809446664384
41,82,0.05,7.429718000025787
42,86,0.05,7.913230599986794
43,90,0.05,8.52473196663747
44,94,0.05,9.161412433354599
45,99,0.05,9.801966566654604
46,103,0.05,10.454687466631185
47,108,0.05,11.20514163333913
48,112,0.05,11.912483233322746
49,117,0.05,12.64763756667738
50,122,0.05,13.651387566695425
51,127,0.05,14.300581999987116
52,132,0.05,15.076088933309014
53,137,0.05,16.062873633328916
54,143,0.05,16.925422299997688
55,148,0.05,17.74567776666724
56,154,0.05,18.735601266659312
57,159,0.05,19.90340833334206
58,165,0.05,20.943779033329218
59,171,0.05,22.00014159999076
60,177,0.05,23.21384440001566
61,183,0.05,24.34943046666073
62,189,0.05,25.60092913333089
63,195,0.05,26.78419436670083
64,201,0.05,27.825290366657402
65,208,0.05,29.517873533313832
66,214,0.05,30.671972366667433
67,221,0.05,32.020833266650094
68,227,0.05,33.68875283332121
69,234,0.05,35.22841659999661
70,241,0.05,36.86062353330423
71,248,0.05,38.31453053333765
72,255,0.05,39.899100033335344
73,262,0.05,41.750434800004165
74,270,0.05,43.36798746667986
75,277,0.05,44.93460710001121
76,285,0.05,46.798894433345595
77,292,0.05,48.8396680333229
78,300,0.05,50.73510556668831
79,308,0.05,52.64395696666876
80,316,0.05,54.35424590000366
81,324,0.05,56.584295766674586
82,332,0.05,58.77915699998842
83,340,0.05,64.04789296669453
84,348,0.05,63.17048199997165
85,357,0.05,65.33271803336145
86,365,0.05,67.40248316667324
87,374,0.05,70.01186240001213
88,382,0.05,72.50479729999218
89,391,0.05,74.81662359997851
90,400,0.05,77.36890836667953
91,409,0.05,80.03887356665776
92,418,0.05,82.60106673337002
93,427,0.05,85.09740826665772
94,437,0.05,88.1812083333519
95,446,0.05,90.69323046666493
96,456,0.05,93.97099443332688
97,465,0.05,96.72629173335281
98,475,0.05,99.87044860000272
99,485,0.05,102.75447783334737
100,495,0.05,105.73942083334107
1,0,0.1,0.0010471667337697
2,0,0.1,0.0027764333253799123
3,0,0.1,0.006105500021173309
4,1,0.1,0.01178333331305718
5,2,0.1,0.021001366697722307
6,3,0.1,0.0323971666603029
7,4,0.1,0.04879859999770512
8,5,0.1,0.07043333332603652
9,7,0.1,0.09903196666982694
10,9,0.1,0.13136103331513974
11,11,0.1,0.17046943331327688
12,13,0.1,0.21869023334299223
13,15,0.1,0.2742763333117182
14,18,0.1,0.3387498666749404
15,21,0.1,0.4217584666472855
16,24,0.1,0.5036082666568594
17,27,0.1,0.6086291666709561
18,30,0.1,0.7160805999850103
19,34,0.1,0.8290749666836442
20,38,0.1,0.9676276999850112
21,42,0.1,1.1291721000361576
22,46,0.1,1.2769097000045804
23,50,0.1,1.4756638666767685
24,55,0.1,1.661677766704391
25,60,0.1,1.8882125666398981
26,65,0.1,2.120122200002091
27,70,0.1,2.362805566682861
28,75,0.1,2.6451138666667853
29,81,0.1,2.952468000019811
30,87,0.1,3.212443033339696
31,93,0.1,3.5881445666594423
32,99,0.1,3.9046278333216833
33,105,0.1,4.299823699981668
34,112,0.1,4.634555533334606
35,119,0.1,5.068166633312406
36,126,0.1,5.897212466705544
37,133,0.1,6.224626433375609
38,140,0.1,6.550337433350251
39,148,0.1,7.028523666652593
40,156,0.1,7.58890000000368
41,164,0.1,8.172641733343275
42,172,0.1,9.077272333327832
43,180,0.1,9.90668046669422
44,189,0.1,10.52063189999141
45,198,0.1,11.178263899986026
46,207,0.1,11.888187533357572
47,216,0.1,12.26598193332696
48,225,0.1,12.984102700011135
49,235,0.1,13.736025033305546
50,245,0.1,14.688101300028697
51,255,0.1,15.55392096668887
52,265,0.1,16.41149583335088
53,275,0.1,17.325320866689253
54,286,0.1,18.33907366663728
55,297,0.1,19.478572266658983
56,308,0.1,20.52823486669695
57,319,0.1,21.57703743333362
58,330,0.1,22.816644399980152
59,342,0.1,24.083222266676785
60,354,0.1,25.28093609998905
61,366,0.1,26.520098600023328
62,378,0.1,27.763641666676147
63,390,0.1,29.235056899991225
64,403,0.1,30.552209766680487
65,416,0.1,32.04271946667632
66,429,0.1,33.31591379995492
67,442,0.1,34.99869313332056
68,455,0.1,36.61502926668921
69,469,0.1,38.07917916666762
70,483,0.1,39.921737533344036
71,497,0.1,41.603225100000905
72,511,0.1,43.32689996665522
73,525,0.1,44.97957786668394
74,540,0.1,46.92132503331171
75,555,0.1,48.7084292000039
76,570,0.1,50.84639029998925
77,585,0.1,52.89245133331709
78,600,0.1,54.91492363332782
79,616,0.1,56.87082923329854
80,632,0.1,59.189534666658496
81,648,0.1,61.375365233296485
82,664,0.1,63.655406966692375
83,680,0.1,65.91953890001605
84,697,0.1,68.15711526665685
85,714,0.1,70.88950406665997
86,731,0.1,73.24725839998791
87,748,0.1,75.71479023330691
88,765,0.1,78.22221116667454
89,783,0.1,80.68378473328721
90,801,0.1,83.97288599999229
91,819,0.1,86.3383610666536
92,837,0.1,89.59781113330791
93,855,0.1,92.50724293332648
94,874,0.1,95.81788736667629
95,893,0.1,99.30497629998172
96,912,0.1,101.64927219999906
97,931,0.1,104.92223193333909
98,950,0.1,109.57651946669102
99,970,0.1,112.52003050002106
100,990,0.1,115.22012919998967
1,0,0.15,0.0015652332876925357
2,0,0.15,0.0027624999953938336
3,0,0.15,0.005884633333153033
4,1,0.15,0.012501466668860909
5,3,0.15,0.02128196667854354
6,4,0.15,0.03539580001567325
7,6,0.15,0.05174990000493077
8,8,0.15,0.07408200001464138
9,10,0.15,0.10371666665681308
10,13,0.15,0.13870416666274346
11,16,0.15,0.18028473331620867
12,19,0.15,0.23669856665643843
13,23,0.15,0.29692919999130635
14,27,0.15,0.37422496666295046
15,31,0.15,0.45512366666571324
16,36,0.15,0.5585459666614648
17,40,0.15,0.6587834666712903
18,45,0.15,0.7993652666376269
19,51,0.15,0.9821765000197047
20,57,0.15,1.2664140333223866
21,63,0.15,1.4654192999766262
22,69,0.15,1.4192263666700455
23,75,0.15,1.6136110999999194
24,82,0.15,1.8434027333417664
25,90,0.15,2.0808040333728663
26,97,0.15,2.343823599994721
27,105,0.15,2.6188623666712374
28,113,0.15,2.862156933360893
29,121,0.15,3.2160221999826413
30,130,0.15,3.558326333313744
31,139,0.15,3.918119399986608
32,148,0.15,4.286765266677624
33,158,0.15,4.670947266655882
34,168,0.15,5.115434633300235
35,178,0.15,5.623459666639974
36,189,0.15,6.030320766664469
37,199,0.15,6.527456933357219
38,210,0.15,7.1657013333454715
39,222,0.15,7.615208299997296
40,234,0.15,8.231554233293537
41,246,0.15,8.795226499986105
42,258,0.15,9.43590416667727
43,270,0.15,10.125501466692791
44,283,0.15,10.823337466664876
45,297,0.15,11.855290233317342
46,310,0.15,12.365305566671244
47,324,0.15,13.153404100004687
48,338,0.15,14.035877699984667
49,352,0.15,14.885943033308044
50,367,0.15,15.772354166680694
51,382,0.15,16.766030699992978
52,397,0.15,17.657131999984205
53,413,0.15,18.76058603333301
54,429,0.15,19.803855633320683
55,445,0.15,20.961448566701318
56,462,0.15,22.197376400004032
57,478,0.15,23.38528473331583
58,495,0.15,24.504025033312853
59,513,0.15,25.81797216665412
60,531,0.15,27.245950000004388
61,549,0.15,28.57236520000394
62,567,0.15,29.847208300013033
63,585,0.15,31.294037400008772
64,604,0.15,33.03211533335949
65,624,0.15,34.38255283331273
66,643,0.15,36.019851433358475
67,663,0.15,37.67595980001109
68,683,0.15,39.2081945333454
69,703,0.15,40.96308336669002
70,724,0.15,42.90807496666579
71,745,0.15,44.824105599991526
72,766,0.15,46.524441733337575
73,788,0.15,48.927745966678536
74,810,0.15,50.600032033306285
75,832,0.15,52.596959800037745
76,855,0.15,54.74218463331605
77,877,0.15,57.69626243334945
78,900,0.15,59.28957486667817
79,924,0.15,61.28371806667019
80,948,0.15,63.527361066667254
81,972,0.15,65.95692086666531
82,996,0.15,68.47956233334571
83,1020,0.15,71.09175830003853
84,1045,0.15,73.65337916665642
85,1071,0.15,76.10303063335475
86,1096,0.15,78.8554597667068
87,1122,0.15,81.78878056668661
88,1148,0.15,84.59657766664652
89,1174,0.15,87.28689296666896
90,1201,0.15,90.02283069999066
91,1228,0.15,93.28533196667952
92,1255,0.15,96.2845625333254
93,1283,0.15,99.40688189998734
94,1311,0.15,102.4997818666634
95,1339,0.15,105.9389875666587
96,1368,0.15,109.725863900015
97,1396,0.15,112.70110693332451
98,1425,0.15,118.94844300001448
99,1455,0.15,119.2549055333302
100,1485,0.15,123.64883736664372
1,0,0.2,0.001037500032907701
2,0,0.2,0.00278749998111986
3,1,0.2,0.00625420001748959
4,2,0.2,0.012480499996551467
5,4,0.2,0.022054133334374153
6,6,0.2,0.03532506667246101
7,8,0.2,0.05421946664985929
8,11,0.2,0.07864573331820186
9,14,0.2,0.1109819999934795
10,18,0.2,0.14974306665559803
11,22,0.2,0.20012776665983742
12,26,0.2,0.2455612000403562
13,31,0.2,0.3271234666802532
14,36,0.2,0.40400413331553864
15,42,0.2,0.4886055666550722
16,48,0.2,0.589459700002711
17,54,0.2,0.700502666685073
18,61,0.2,0.8386693999909767
19,68,0.2,0.9737138666726727
20,76,0.2,1.1285361000242726
21,84,0.2,1.3006528000081137
22,92,0.2,1.5111291333065917
23,101,0.2,1.717166733343826
24,110,0.2,1.9231070333565488
25,120,0.2,2.18008336667026
26,130,0.2,2.4391457666827896
27,140,0.2,2.7253083666361513
28,151,0.2,3.03869433332693
29,162,0.2,3.380416699997113
30,174,0.2,3.7303750000016103
31,186,0.2,4.103876466645791
32,198,0.2,4.500242966643479
33,211,0.2,4.944795899981121
34,224,0.2,5.3711610000164
35,238,0.2,5.885965266656967
36,252,0.2,6.37240279999484
37,266,0.2,6.92487926665611
38,281,0.2,7.527475100020335
39,296,0.2,8.119249933353482
40,312,0.2,8.752126300009877
41,328,0.2,9.342774933300765
42,344,0.2,10.08904726665302
43,361,0.2,10.804700066660189
44,378,0.2,11.54448613333443
45,396,0.2,12.250515266714501
46,414,0.2,13.098466599997968
47,432,0.2,14.012504233316273
48,451,0.2,14.974473600000238
49,470,0.2,15.863833333355615
50,490,0.2,16.78173613333153
51,510,0.2,17.878559766685004
52,530,0.2,18.951245799970213
53,551,0.2,20.00481249999666
54,572,0.2,21.205633400002927
55,594,0.2,22.40731386666539
56,616,0.2,23.684738933350975
57,638,0.2,24.96303053334638
58,661,0.2,26.246505433338523
59,684,0.2,27.59826523334444
60,708,0.2,29.04330143334543
61,732,0.2,30.54501806667152
62,756,0.2,31.939232066671746
63,781,0.2,33.67332370001653
64,806,0.2,35.00746666669935
65,832,0.2,36.7866986666589
66,858,0.2,38.638765266637165
67,884,0.2,40.339534633320305
68,911,0.2,42.09594593332895
69,938,0.2,44.018323666667435
70,966,0.2,45.817536100010635
71,994,0.2,47.69816250003108
72,1022,0.2,49.680044500018994
73,1051,0.2,51.91845836667047
74,1080,0.2,54.066987566655676
75,1110,0.2,56.26536936666374
76,1140,0.2,58.5919832333199
77,1170,0.2,60.68803323334274
78,1201,0.2,63.33664310000131
79,1232,0.2,65.6353888999926
80,1264,0.2,67.92871249998977
81,1296,0.2,70.63301670000328
82,1328,0.2,73.1081180333149
83,1361,0.2,75.97806253334056
84,1394,0.2,78.80384303334722
85,1428,0.2,81.4745166333599
86,1462,0.2,84.6952778000059
87,1496,0.2,87.64585426664932
88,1531,0.2,90.38368323338848
89,1566,0.2,93.61649026667844
90,1602,0.2,100.37943739999567
91,1638,0.2,100.6576873666442
92,1674,0.2,104.48231809997803
93,1711,0.2,108.19894029998522
94,1748,0.2,110.58874023331857
95,1786,0.2,114.01970966664219
96,1824,0.2,117.214094499991
97,1862,0.2,120.81101113332504
98,1901,0.2,124.785623566648
99,1940,0.2,128.74642636666067
100,1980,0.2,133.11782776667465
1,0,0.25,0.001041733359367451
2,0,0.25,0.002904233292611025
3,1,0.25,0.006534633280352864
4,3,0.25,0.013102766653598033
5,5,0.25,0.023444333366266317
6,7,0.25,0.03886246663569182
7,10,0.25,0.05719846667489037
8,14,0.25,0.08304579998821282
9,18,0.25,0.11914726669601805
10,22,0.25,0.16142923333669992
11,27,0.25,0.21465696668201417
12,33,0.25,0.2692486000417678
13,39,0.25,0.3473847000198778
14,45,0.25,0.42187923333282623
15,52,0.25,0.5239804999746411
16,60,0.25,0.631840333320118
17,68,0.25,0.7498556666557002
18,76,0.25,0.8850487333575074
19,85,0.25,1.0356527333290917
20,95,0.25,1.2191930999885396
21,105,0.25,1.4089888333198057
22,115,0.25,1.6155013999953856
23,126,0.25,1.8252984666636014
24,138,0.25,2.055918166684023
25,150,0.25,2.3437222666719513
26,162,0.25,2.6197722333563433
27,175,0.25,2.9009443666609513
28,189,0.25,3.243266566695032
29,203,0.25,3.623654133320997
30,217,0.25,4.003962666646051
31,232,0.25,4.420047200028421
32,248,0.25,4.848662500012324
33,264,0.25,5.275227833317331
34,280,0.25,5.768833366679853
35,297,0.25,6.303247166662611
36,315,0.25,6.831470933358712
37,333,0.25,7.397038900004797
38,351,0.25,8.003784733326333
39,370,0.25,8.628786133340327
40,390,0.25,9.283620833351355
41,410,0.25,10.024329166700833
42,430,0.25,10.722862399961741
43,451,0.25,11.454056866652232
44,473,0.25,12.297120833325911
45,495,0.25,13.118444400007926
46,517,0.25,13.992702733329073
47,540,0.25,14.966968033331796
48,564,0.25,15.999659833338834
49,588,0.25,16.898841733336667
50,612,0.25,18.03572223334413
51,637,0.25,19.17380406666022
52,663,0.25,20.285417933321998
53,689,0.25,21.429104133335386
54,715,0.25,23.512551333305964
55,742,0.25,25.363052699973803
56,770,0.25,25.835048599985083
57,798,0.25,26.602990233338158
58,826,0.25,27.86850566666696
59,855,0.25,29.438840233350067
60,885,0.25,30.87827786669095
61,915,0.25,32.861963966676434
62,945,0.25,34.04108886670656
63,976,0.25,35.59104579999257
64,1008,0.25,37.44227369999559
65,1040,0.25,39.202647200007355
66,1072,0.25,40.99752080000295
67,1105,0.25,42.779151566674045
68,1139,0.25,44.69077510000261
69,1173,0.25,46.76621796666799
70,1207,0.25,48.90058753333051
71,1242,0.25,50.9230069999982
72,1278,0.25,52.747802766657514
73,1314,0.25,55.42834310001581
74,1350,0.25,57.63308756665234
75,1387,0.25,59.92276106668063
76,1425,0.25,62.422475099977724
77,1463,0.25,65.1377694999989
78,1501,0.25,67.60244869999497
79,1540,0.25,70.07696519997353
80,1580,0.25,72.5832208999994
81,1620,0.25,75.56191103334793
82,1660,0.25,78.06068196665971
83,1701,0.25,80.82380149998396
84,1743,0.25,84.19728896664462
85,1785,0.25,87.17843056668546
86,1827,0.25,90.31177083331083
87,1870,0.25,93.29411389998465
88,1914,0.25,96.70498203330074
89,1958,0.25,100.27337926665798
90,2002,0.25,104.20582646665177
91,2047,0.25,107.25434726666663
92,2093,0.25,110.82791669997125
93,2139,0.25,114.37405413332726
94,2185,0.25,118.0162348666651
95,2232,0.25,121.49722076665815
96,2280,0.25,125.41499579998951
97,2328,0.25,129.65726523334524
98,2376,0.25,133.0700832666556
99,2425,0.25,137.4829208999851
100,2475,0.25,141.48799589999422
1,0,0.3,0.0010361333579567145
2,0,0.3,0.0028137999985726006
3,1,0.3,0.006779233346302742
4,3,0.3,0.01337076663882423
5,6,0.3,0.02422213331859287
6,9,0.3,0.0385721333411008
7,12,0.3,0.06179573336642837
8,16,0.3,0.08850696665376745
9,21,0.3,0.1262374000134514
10,27,0.3,0.1743999333333098
11,33,0.3,0.22398339998138303
12,39,0.3,0.2891818999917935
13,46,0.3,0.35816953332717577
14,54,0.3,0.45339576665810455
15,63,0.3,0.5554112000102881
16,72,0.3,0.6772706999981892
17,81,0.3,0.7957902999957392
18,91,0.3,0.9478291000126168
19,102,0.3,1.1093111000036515
20,114,0.3,1.2787735666582496
21,126,0.3,1.4717195000002903
22,138,0.3,1.7079153000092144
23,151,0.3,1.929333266654491
24,165,0.3,2.1681096666801145
25,180,0.3,2.4599597333084
26,195,0.3,2.8084541000074146
27,210,0.3,3.0662555666746507
28,226,0.3,3.44786523332156
29,243,0.3,3.798770933326523
30,261,0.3,4.2117846666769765
31,279,0.3,4.696323466699444
32,297,0.3,5.077034700010093
33,316,0.3,5.595938933341434
34,336,0.3,6.104430400000638
35,357,0.3,6.652869333318752
36,378,0.3,7.199177866656707
37,399,0.3,7.797661033335619
38,421,0.3,8.458231866635893
39,444,0.3,9.126525099994373
40,468,0.3,9.768176499990963
41,492,0.3,10.62498336666522
42,516,0.3,11.331559866660731
43,541,0.3,12.141266733336428
44,567,0.3,13.012547100023161
45,594,0.3,13.833777666642769
46,621,0.3,14.877130566681748
47,648,0.3,15.789469466691722
48,676,0.3,16.859315266689617
49,705,0.3,17.823526466675805
50,735,0.3,19.08948066663167
51,765,0.3,20.17835546666144
52,795,0.3,21.49772360000952
53,826,0.3,22.826254200026597
54,858,0.3,23.900655566679536
55,891,0.3,25.251415299968965
56,924,0.3,26.61555423342179
57,957,0.3,28.03286673333787
58,991,0.3,29.54714020006577
59,1026,0.3,31.08401663331885
60,1062,0.3,32.7211013333302
61,1098,0.3,34.28501793337091
62,1134,0.3,36.06711383337521
63,1171,0.3,37.782377799961374
64,1209,0.3,39.50632636668464
65,1248,0.3,41.66273059992515
66,1287,0.3,43.42801673328722
67,1326,0.3,45.46786816669434
68,1366,0.3,47.72099176663384
69,1407,0.3,50.475775000025656
70,1449,0.3,52.98755133329299
71,1491,0.3,54.00723466668751
72,1533,0.3,57.24379853336359
73,1576,0.3,58.76392639994871
74,1620,0.3,62.670234733347264
75,1665,0.3,67.35367633336864
76,1710,0.3,66.86283466662341
77,1755,0.3,70.21842363339299
78,1801,0.3,71.8960403334222
79,1848,0.3,74.27489859995451
80,1896,0.3,77.61579306664619
81,1944,0.3,80.78992633334867
82,1992,0.3,83.37154723332485
83,2041,0.3,86.60166253333348
84,2091,0.3,89.78459869998308
85,2142,0.3,93.05485146666494
86,2193,0.3,96.6001596665592
87,2244,0.3,100.20715830002398
88,2296,0.3,103.66923616667616
89,2349,0.3,109.99719726666324
90,2403,0.3,109.9425777666814
91,2457,0.3,113.96683346662637
92,2511,0.3,118.29169716664485
93,2566,0.3,122.55580409998099
94,2622,0.3,125.66382080005194
95,2679,0.3,130.12299306662194
96,2736,0.3,134.4686722999692
97,2793,0.3,138.71422923328586
98,2851,0.3,142.71190689998244
99,2910,0.3,147.28318879998974
100,2970,0.3,152.3788626333347
1,0,0.35,0.001782066677454471
2,0,0.35,0.003040233362601915
3,2,0.35,0.006480566662503406
4,4,0.35,0.01381110002209122
5,7,0.35,0.024213833315419226
6,10,0.35,0.04222233333166514
7,14,0.35,0.06670556658718851
8,19,0.35,0.09324306671866604
9,25,0.35,0.13157363335570457
10,31,0.35,0.17824856663537503
11,38,0.35,0.24018473336582247
12,46,0.35,0.2994792333386916
13,54,0.35,0.3796319999764819
14,63,0.35,0.4714471666375175
15,73,0.35,0.5763110666218078
16,84,0.35,0.703238966692273
17,95,0.35,0.8347639666377896
18,107,0.35,0.9917179999774817
19,119,0.35,1.1683570333540654
20,133,0.35,1.342662499958654
21,147,0.35,1.5399375333345233
22,161,0.35,1.7770290333222267
23,177,0.35,1.9917096666783134
24,193,0.35,2.27481256667185
25,210,0.35,2.5407792666707487
26,227,0.35,2.8713959000015166
27,245,0.35,3.2237402667154433
28,264,0.35,3.578216533333034
29,284,0.35,3.9462140333398565
30,304,0.35,4.378241599958225
31,325,0.35,4.809339033348199
32,347,0.35,5.292079133353885
33,369,0.35,5.820783300002101
34,392,0.35,6.366656899975472
35,416,0.35,6.896408466642849
36,441,0.35,7.498534700046851
37,466,0.35,8.146800033334026
38,492,0.35,8.816784766668206
39,518,0.35,9.885405633349365
40,546,0.35,10.281456933338026
41,574,0.35,11.117597133306845
42,602,0.35,11.897579166664704
43,632,0.35,12.744076400061507
44,662,0.35,13.752497233402513
45,693,0.35,14.57374996660595
46,724,0.35,15.781052733306447
47,756,0.35,16.69036813332241
48,789,0.35,17.830204166618085
49,823,0.35,18.976172233336303
50,857,0.35,20.250373733339682
51,892,0.35,21.34058193329717
52,928,0.35,22.49857086673425
53,964,0.35,23.759702733347392
54,1001,0.35,25.168154133340675
55,1039,0.35,26.76731113332001
56,1078,0.35,28.137423500038494
57,1117,0.35,29.582237499956438
58,1157,0.35,31.081394433310077
59,1197,0.35,32.915651433298386
60,1239,0.35,34.27705416667474
61,1281,0.35,36.2336166666258
62,1323,0.35,38.25761106668324
63,1367,0.35,39.83772233330759
64,1411,0.35,41.61373470001308
65,1456,0.35,43.67250419997314
66,1501,0.35,46.92361523336027
67,1547,0.35,48.106873633332725
68,1594,0.35,50.72857776664629
69,1642,0.35,52.25780830005533
70,1690,0.35,55.241920733351435
71,1739,0.35,59.908681866621315
72,1789,0.35,59.3297304667279
73,1839,0.35,61.98330966661464
74,1890,0.35,64.6156069333756
75,1942,0.35,67.0402097666738
76,1994,0.35,69.97196679996402
77,2048,0.35,72.91349309995591
78,2102,0.35,75.55541680000412
79,2156,0.35,78.45417363332672
80,2212,0.35,82.23565003328683
81,2268,0.35,85.11381946667218
82,2324,0.35,88.32155840006332
83,2382,0.35,91.28218896667022
84,2440,0.35,94.44662226663543
85,2499,0.35,98.15626383333438
86,2558,0.35,101.41029853328594
87,2618,0.35,105.12836109996897
88,2679,0.35,108.33300406672303
89,2741,0.35,116.06242506668423
90,2803,0.35,118.02836666673404
91,2866,0.35,119.98720990003069
92,2930,0.35,124.15830410001642
93,2994,0.35,128.73314023334692
94,3059,0.35,132.9723528999542
95,3125,0.35,136.6368304666139
96,3192,0.35,142.01978196671612
97,3259,0.35,155.05294726658576
98,3327,0.35,160.6361749666727
99,3395,0.35,167.09164306666935
100,3465,0.35,160.21134440000728
1,0,0.4,0.0011221000174070166
2,0,0.4,0.0029625666684296448
3,2,0.4,0.007044400020580118
4,4,0.4,0.014520900064477852
5,8,0.4,0.025230666642528377
6,12,0.4,0.043129133352219164
7,16,0.4,0.06717353335261578
8,22,0.4,0.09915550002309222
9,28,0.4,0.14095830001679133
10,36,0.4,0.18639569998413208
11,44,0.4,0.24476526667361517
12,52,0.4,0.31274589994912577
13,62,0.4,0.4020234999643435
14,72,0.4,0.4932805999942502
15,84,0.4,0.6021403999966424
16,96,0.4,0.7282653333580432
17,108,0.4,0.877058333359552
18,122,0.4,1.0301804666293417
19,136,0.4,1.2022945000353502
20,152,0.4,1.3987568666683121
21,168,0.4,1.6150319333367709
22,184,0.4,1.8428292332828278
23,202,0.4,2.107409800055393
24,220,0.4,2.3837527666425253
25,240,0.4,2.682734600026985
26,260,0.4,3.014881966661657
27,280,0.4,3.369009600010031
28,302,0.4,3.7663890333533345
29,324,0.4,4.195273566741283
30,348,0.4,4.590286100028607
31,372,0.4,5.060436099999303
32,396,0.4,5.549843000047379
33,422,0.4,6.085236099973675
34,448,0.4,6.663872233366419
35,476,0.4,7.257713900041078
36,504,0.4,7.926780533322623
37,532,0.4,8.522309600008763
38,562,0.4,9.294906966670169
39,592,0.4,10.078369499948773
40,624,0.4,10.727968133384516
41,656,0.4,11.59225970004627
42,688,0.4,12.490055600028427
43,722,0.4,13.359168033305954
44,756,0.4,14.357200066676038
45,792,0.4,15.340807000014442
46,828,0.4,16.29520003334619
47,864,0.4,17.415672233361573
48,902,0.4,18.600031866632587
49,940,0.4,19.79513740003919
50,980,0.4,21.005965100054407
51,1020,0.4,22.243386100005107
52,1060,0.4,23.64359023329901
53,1102,0.4,25.017777833363652
54,1144,0.4,26.42213883336808
55,1188,0.4,27.88746250002987
56,1232,0.4,29.48036530005993
57,1276,0.4,31.19891113333324
58,1322,0.4,32.871888899990154
59,1368,0.4,34.65909579996757
60,1416,0.4,36.27541933333305
61,1464,0.4,38.22318330000295
62,1512,0.4,40.11278206668673
63,1562,0.4,41.97064160004326
64,1612,0.4,44.097327799984974
65,1664,0.4,46.12538056661227
66,1716,0.4,48.15856946665917
67,1768,0.4,50.84428896673975
68,1822,0.4,52.67644590000297
69,1876,0.4,54.68562906665587
70,1932,0.4,57.202795833336495
71,1988,0.4,60.21528750003805
72,2044,0.4,62.68701673326783
73,2102,0.4,65.01802086666733
74,2160,0.4,67.55947779997769
75,2220,0.4,70.77342776671382
76,2280,0.4,73.47670130005402
77,2340,0.4,76.122093100048
78,2402,0.4,79.24897910006621
79,2464,0.4,82.50678043336848
80,2528,0.4,85.3555027999846
81,2592,0.4,88.70765839995632
82,2656,0.4,92.70341240004807
83,2722,0.4,95.52679439996912
84,2788,0.4,99.23494449999453
85,2856,0.4,102.48167640003582
86,2924,0.4,106.16885279998012
87,2992,0.4,109.96704589997535
88,3062,0.4,114.11456680001113
89,3132,0.4,117.24772786671262
90,3204,0.4,121.96817213333209
91,3276,0.4,126.31692783331043
92,3348,0.4,129.87593189999038
93,3422,0.4,134.3158513999697
94,3496,0.4,138.80195143331852
95,3572,0.4,143.17857080000067
96,3648,0.4,147.34517223335692
97,3724,0.4,152.09659580000334
98,3802,0.4,156.63850843337363
99,3880,0.4,161.84708186671438
100,3960,0.4,170.6311375999879
1,0,0.45,0.001411099947290495
2,0,0.45,0.0029958999675727682
3,2,0.45,0.007404166672131396
4,5,0.45,0.015377866687534455
5,9,0.45,0.02767216668265367
6,13,0.45,0.046026333363139806
7,18,0.45,0.0708291000440416
8,25,0.45,0.10145543325658461
9,32,0.45,0.14389999999669575
10,40,0.45,0.19325560000046002
11,49,0.45,0.25894576665450586
12,59,0.45,0.3313375332860839
13,70,0.45,0.41179159999652865
14,81,0.45,0.5158208000011655
15,94,0.45,0.6376917333758078
16,108,0.45,0.7597109332891705
17,122,0.45,0.9039151667214659
18,137,0.45,1.076215166676775
19,153,0.45,1.2523333666498122
20,171,0.45,1.443605533374163
21,189,0.45,1.6790708333549749
22,207,0.45,1.9069986333003424
23,227,0.45,2.1874013333520756
24,248,0.45,2.4843557333194135
25,270,0.45,2.7773388332661852
26,292,0.45,3.1385374666873154
27,315,0.45,3.524127833300857
28,340,0.45,3.9128152999637678
29,365,0.45,4.338122233336132
30,391,0.45,4.789059666700268
31,418,0.45,5.2752971999931715
32,446,0.45,5.77986943333902
33,475,0.45,6.349779166657754
34,504,0.45,6.936916733381319
35,535,0.45,7.535466633301742
36,567,0.45,8.197288833374236
37,599,0.45,8.915511199923762
38,632,0.45,9.636949933428696
39,666,0.45,10.337220833328805
40,702,0.45,11.126770833410168
41,738,0.45,11.96571530000862
42,774,0.45,12.949988900012007
43,812,0.45,13.908862433360506
44,851,0.45,14.825306933365331
45,891,0.45,15.904339033325718
46,931,0.45,17.051087533324488
47,972,0.45,18.105082033328774
48,1015,0.45,19.31210839996614
49,1058,0.45,20.650588933328134
50,1102,0.45,21.751701466670664
51,1147,0.45,23.101238799987794
52,1193,0.45,24.422216666728975
53,1240,0.45,25.8935874666804
54,1287,0.45,27.45546946663732
55,1336,0.45,29.186775000001337
56,1386,0.45,30.8439415667029
57,1436,0.45,32.374223666708225
58,1487,0.45,34.089862566649266
59,1539,0.45,36.00414030001957
60,1593,0.45,37.831720833294945
61,1647,0.45,40.11476670001078
62,1701,0.45,41.93696810004136
63,1757,0.45,44.071859599959375
64,1814,0.45,46.02704580001955
65,1872,0.45,48.48232363330377
66,1930,0.45,50.55503046667885
67,1989,0.45,53.020513933324764
68,2050,0.45,55.431570733405046
69,2111,0.45,57.755858333333286
70,2173,0.45,60.5958889999935
71,2236,0.45,62.886851533327594
72,2300,0.45,65.88533469997249
73,2365,0.45,67.98431250003887
74,2430,0.45,70.90560543329048
75,2497,0.45,74.17067360003482
76,2565,0.45,77.12481373328046
77,2633,0.45,80.47572786667843
78,2702,0.45,83.31663766665163
79,2772,0.45,86.50508326668387
80,2844,0.45,90.03542363334418
81,2916,0.45,93.25219859999076
82,2988,0.45,97.53440419999606
83,3062,0.45,100.75504026672206
84,3137,0.45,104.26927643334238
85,3213,0.45,108.49298059994605
86,3289,0.45,114.83948756670846
87,3366,0.45,115.91307503334367
88,3445,0.45,120.0998040333161
89,3524,0.45,123.97880009993969
90,3604,0.45,128.52915959999032
91,3685,0.45,132.64130413329744
92,3767,0.45,137.31621810005285
93,3850,0.45,141.07593056663367
94,3933,0.45,146.5748152666947
95,4018,0.45,150.59794996671675
96,4104,0.45,155.54039310001522
97,4190,0.45,163.24879316668253
98,4277,0.45,166.39054593336672
99,4365,0.45,169.79315686665663
100,4455,0.45,178.51394453335465
1,0,0.5,0.0014375666675429481
2,1,0.5,0.003012533382692103
3,3,0.5,0.007938966700749006
4,6,0.5,0.01551800000925141
5,10,0.5,0.027562666582525708
6,15,0.5,0.046342966682762686
7,21,0.5,0.07233063330810789
8,28,0.5,0.10633473334564769
9,36,0.5,0.14748046667894718
10,45,0.5,0.20171126666355121
11,55,0.5,0.2654277666958175
12,66,0.5,0.33852926671897876
13,78,0.5,0.4271097666939265
14,91,0.5,0.5295013334034593
15,105,0.5,0.6974541333723513
16,120,0.5,0.806436233324348
17,136,0.5,0.9607292667017949
18,153,0.5,1.1456624333277432
19,171,0.5,1.3116945000092528
20,190,0.5,1.5138944000227639
21,210,0.5,1.7623000333818102
22,231,0.5,2.0083055333392017
23,253,0.5,2.278592966604265
24,276,0.5,2.5779958666286498
25,300,0.5,2.9195055666605185
26,325,0.5,3.2702582665933733
27,351,0.5,3.6611403000279097
28,378,0.5,4.072369333334791
29,406,0.5,4.4991765000152855
30,435,0.5,4.948151366716047
31,465,0.5,5.476126333314824
32,496,0.5,6.022155599945715
33,528,0.5,6.644365300007848
34,561,0.5,7.215161133353831
35,595,0.5,7.8746389666624355
36,630,0.5,8.59378476667795
37,666,0.5,9.367331966662581
38,703,0.5,10.825447266658253
39,741,0.5,10.973398599920378
40,780,0.5,11.721630666685693
41,820,0.5,12.733250000034483
42,861,0.5,13.544172166651455
43,903,0.5,14.47483199999624
44,946,0.5,15.474890299992694
45,990,0.5,16.587769466620255
46,1035,0.5,17.741562633348924
47,1081,0.5,18.961838866668284
48,1128,0.5,20.09335136666171
49,1176,0.5,21.5363278999727
50,1225,0.5,22.956290233332766
51,1275,0.5,24.28775559994089
52,1326,0.5,25.64823886659724
53,1378,0.5,27.14379443332291
54,1431,0.5,28.658420899955672
55,1485,0.5,30.393238899993474
56,1540,0.5,31.86299446662512
57,1596,0.5,33.732086000009076
58,1653,0.5,35.743998733338834
59,1711,0.5,37.958005433317034
60,1770,0.5,40.403283300004965
61,1830,0.5,41.35216820003128
62,1891,0.5,43.56677363331679
63,1953,0.5,45.67522779996883
64,2016,0.5,47.847162433269354
65,2080,0.5,50.47061233332594
66,2145,0.5,52.57646943337022
67,2211,0.5,55.065483233314204
68,2278,0.5,57.633495766655564
69,2346,0.5,60.46302650000447
70,2415,0.5,63.30604033334263
71,2485,0.5,65.82064439997642
72,2556,0.5,68.57502633335268
73,2628,0.5,71.48443336665575
74,2701,0.5,74.27735543336287
75,2775,0.5,77.42726390003251
76,2850,0.5,81.14366520004903
77,2926,0.5,84.41400833332106
78,3003,0.5,87.72700969999885
79,3081,0.5,91.19847359996432
80,3160,0.5,94.67308463331392
81,3240,0.5,98.30566509996667
82,3321,0.5,102.24533473333395
83,3403,0.5,105.60574306664421
84,3486,0.5,110.15665706668187
85,3570,0.5,113.19970266666435
86,3655,0.5,119.06296540000767
87,3741,0.5,125.10302223336112
88,3828,0.5,127.66084443334573
89,3916,0.5,132.5981736666563
90,4005,0.5,136.8344570000621
91,4095,0.5,143.03176516665795
92,4186,0.5,144.5963514666346
93,4278,0.5,147.61742786669552
94,4371,0.5,152.32411393332464
95,4465,0.5,157.34356389995506
96,4560,0.5,163.63151253334158
97,4656,0.5,168.24886390001362
98,4753,0.5,173.24577513334893
99,4851,0.5,178.06738343336596
100,4950,0.5,184.72173600004376
1,0,0.55,0.001288933314450939
2,1,0.55,0.003098700002131712
3,3,0.55,0.007551466630199381
4,6,0.55,0.016066666663997847
5,11,0.55,0.02947640000456886
6,16,0.55,0.04821666667946071
7,23,0.55,0.0743111000550319
8,30,0.55,0.10921380000278684
9,39,0.55,0.1533695000186223
10,49,0.55,0.2086361333719348
11,60,0.55,0.27319026664069196
12,72,0.55,0.3527193666589786
13,85,0.55,0.4438568666652524
14,100,0.55,0.5533750333142962
15,115,0.55,0.6740541333177438
16,132,0.55,0.8196513667371619
17,149,0.55,0.9773387666579462
18,168,0.55,1.1512999667199135
19,188,0.55,1.3546903333462978
20,209,0.55,1.5881541666961614
21,231,0.55,1.8152041333451052
22,254,0.55,2.0528097333529636
23,278,0.55,2.370544466702995
24,303,0.55,2.700170933364158
25,330,0.55,3.02402766672761
26,357,0.55,3.436768066649165
27,386,0.55,3.8316360999791264
28,415,0.55,4.258286033306528
29,446,0.55,4.718843133347643
30,478,0.55,5.2045195000422
31,511,0.55,5.747936200017041
32,545,0.55,6.266636100038643
33,580,0.55,6.870044399996307
34,617,0.55,7.483341666678219
35,654,0.55,8.199208333371644
36,693,0.55,8.872486166637827
37,732,0.55,9.67137493331999
38,773,0.55,10.487798700008474
39,815,0.55,11.323854099949434
40,858,0.55,12.554411133351095
41,902,0.55,13.142020933294893
42,947,0.55,14.200251433324715
43,993,0.55,15.167666600018492
44,1040,0.55,16.315038833317885
45,1089,0.55,17.410057133323182
46,1138,0.55,18.599697233306262
47,1189,0.55,20.14351129998128
48,1240,0.55,21.063791733346687
49,1293,0.55,22.34697926667953
50,1347,0.55,23.66497356662573
51,1402,0.55,25.111887499997465
52,1458,0.55,26.84821669996988
53,1515,0.55,28.531747200031532
54,1574,0.55,30.381534733335986
55,1633,0.55,34.071074933262935
56,1694,0.55,33.93929173328919
57,1755,0.55,35.40109306671487
58,1818,0.55,37.20140690000638
59,1882,0.55,39.02149996662653
60,1947,0.55,41.333295833373995
61,2013,0.55,43.184273666656736
62,2080,0.55,45.1389361332834
63,2148,0.55,47.256495800032404
64,2217,0.55,49.70166240003285
65,2288,0.55,52.203699900019274
66,2359,0.55,54.629712400007215
67,2432,0.55,57.27062353336502
68,2505,0.55,59.654876466705296
69,2580,0.55,62.21276403336257
70,2656,0.55,64.99686393328072
71,2733,0.55,68.54030136667764
72,2811,0.55,71.93832373338107
73,2890,0.55,74.45340539998142
74,2971,0.55,77.43671386671546
75,3052,0.55,80.40658883328433
76,3135,0.55,83.93767356669741
77,3218,0.55,87.11291519998667
78,3303,0.55,90.88627209995745
79,3389,0.55,94.57112373335501
80,3476,0.55,98.30625823333321
81,3564,0.55,101.93762643330047
82,3653,0.55,105.63194846674075
83,3743,0.55,109.28582630002286
84,3834,0.55,114.40058053326538
85,3927,0.55,117.76019863336842
86,4020,0.55,122.51067776664968
87,4115,0.55,126.80187086668109
88,4210,0.55,133.48189163328547
89,4307,0.55,136.30829726663856
90,4405,0.55,142.3520097666369
91,4504,0.55,145.9821611333306
92,4604,0.55,151.11172080003902
93,4705,0.55,154.8483458333673
94,4808,0.55,163.04771540000425
95,4911,0.55,165.68133050001657
96,5016,0.55,171.0089569000047
97,5121,0.55,175.9467514000486
98,5228,0.55,183.07099996670027
99,5336,0.55,190.11432086664777
100,5445,0.55,192.99704856662174
1,0,0.6,0.001555566647463517
2,1,0.6,0.0030875333626075494
3,3,0.6,0.007629100052023811
4,7,0.6,0.01656253328595388
5,12,0.6,0.03119723332929425
6,18,0.6,0.05076383331470424
7,25,0.6,0.07742910000464083
8,33,0.6,0.11072373332960221
9,43,0.6,0.15859869996954026
10,54,0.6,0.2116820000386118
11,66,0.6,0.2802084333476766
12,79,0.6,0.3623361333059923
13,93,0.6,0.45783186666691716
14,109,0.6,0.5745874333721682
15,126,0.6,0.6942776333289657
16,144,0.6,0.8316805666709115
17,163,0.6,1.0564639000070504
18,183,0.6,1.1863695000253454
19,205,0.6,1.410258299999138
20,228,0.6,1.6381458666425412
21,252,0.6,1.8641250999886931
22,277,0.6,2.1301985332684126
23,303,0.6,2.4537098000109836
24,331,0.6,2.7637388666638194
25,360,0.6,3.1142416666170902
26,390,0.6,3.5006667000592038
27,421,0.6,3.9204639333547675
28,453,0.6,4.421904266700949
29,487,0.6,4.893840400003076
30,522,0.6,5.35465553331657
31,558,0.6,5.895136133358392
32,595,0.6,6.514686166686563
33,633,0.6,7.197744366627982
34,673,0.6,7.791120699948806
35,714,0.6,8.494041666669242
36,756,0.6,9.212795866672726
37,799,0.6,10.010366633377998
38,843,0.6,10.856301266676383
39,889,0.6,11.723095833379679
40,936,0.6,12.678670866641065
41,984,0.6,13.65952496665462
42,1033,0.6,14.665133366649266
43,1083,0.6,15.739438933345204
44,1135,0.6,16.83444183337694
45,1188,0.6,18.102424933340444
46,1242,0.6,19.191929199996594
47,1297,0.6,20.405962433384655
48,1353,0.6,21.899826366658697
49,1411,0.6,23.314548733363456
50,1470,0.6,24.613793000025908
51,1530,0.6,26.27877786667341
52,1591,0.6,27.78932646666969
53,1653,0.6,29.350458266647667
54,1717,0.6,31.024744499958008
55,1782,0.6,33.88826796669188
56,1848,0.6,35.730508399986626
57,1915,0.6,37.37490970006547
58,1983,0.6,38.83788196659831
59,2053,0.6,41.30336673332143
60,2124,0.6,43.16997920003208
61,2196,0.6,45.57675410002654
62,2269,0.6,47.19939713331769
63,2343,0.6,49.48775136661728
64,2419,0.6,52.909576466693885
65,2496,0.6,54.48694866665088
66,2574,0.6,56.85277090004396
67,2653,0.6,59.63360543335815
68,2733,0.6,62.54225560001032
69,2815,0.6,65.18982093330123
70,2898,0.6,68.16383329999856
71,2982,0.6,70.67008456668493
72,3067,0.6,74.47655976664767
73,3153,0.6,77.4808249333546
74,3241,0.6,79.96719586667496
75,3330,0.6,83.14645413336923
76,3420,0.6,87.1645737000108
77,3511,0.6,90.71513749997091
78,3603,0.6,94.21219300002122
79,3697,0.6,98.38810136664809
80,3792,0.6,103.5500833000242
81,3888,0.6,105.81853183342294
82,3985,0.6,110.3929388999859
83,4083,0.6,113.65424159998838
84,4183,0.6,120.28133053336205
85,4284,0.6,121.86785136667216
86,4386,0.6,127.03092359994723
87,4489,0.6,130.92015973335643
88,4593,0.6,136.4756861332959
89,4699,0.6,139.67607633339867
90,4806,0.6,144.14717636664136
91,4914,0.6,149.55591123331638
92,5023,0.6,154.33979853334372
93,5133,0.6,160.32197910000528
94,5245,0.6,165.8218777999688
95,5358,0.6,172.55290000001273
96,5472,0.6,176.63960006671005
97,5587,0.6,182.33910686661451
98,5703,0.6,187.74432913329898
99,5821,0.6,194.47393743336457
100,5940,0.6,200.52285990004748
1,0,0.65,0.0016083333927478332
2,1,0.65,0.0031181333876399244
3,3,0.65,0.00796386664963696
4,7,0.65,0.017388899929452844
5,13,0.65,0.03182500002670471
6,19,0.65,0.05111523334259497
7,27,0.65,0.08008889999473467
8,36,0.65,0.1177888333586452
9,46,0.65,0.16225553329907902
10,58,0.65,0.2211749666760928
11,71,0.65,0.2905971999704586
12,85,0.65,0.3759334333456839
13,101,0.65,0.47337083339395275
14,118,0.65,0.5810526666512791
15,136,0.65,0.7182554000185822
16,156,0.65,0.8582305333675322
17,176,0.65,1.04015966667248
18,198,0.65,1.248020799994265
19,222,0.65,1.46388199999213
20,247,0.65,1.6803680000066379
21,273,0.65,1.9381874000070336
22,300,0.65,2.2487806000450896
23,328,0.65,2.5644041000001985
24,358,0.65,2.9028388000369887
25,390,0.65,3.257941733348465
26,422,0.65,3.6522876000011215
27,456,0.65,4.05438329999015
28,491,0.65,4.552438933342273
29,527,0.65,5.029666699980832
30,565,0.65,5.576309766699221
31,604,0.65,6.168741700003011
32,644,0.65,6.839423600058581
33,686,0.65,7.508136099962333
34,729,0.65,8.10635693334613
35,773,0.65,8.830677533357326
36,819,0.65,9.670473599984083
37,865,0.65,10.622026266704173
38,913,0.65,11.251618133322458
39,963,0.65,12.09591656665907
40,1014,0.65,13.290504099904865
41,1066,0.65,14.43138900000728
42,1119,0.65,15.257180666640124
43,1173,0.65,16.400794466699153
44,1229,0.65,19.101968166629984
45,1287,0.65,20.1077569666874
46,1345,0.65,20.561713866694237
47,1405,0.65,21.536797300056303
48,1466,0.65,22.835795799998476
49,1528,0.65,24.27954733329898
50,1592,0.65,25.723219499983923
51,1657,0.65,27.42440276668579
52,1723,0.65,29.11622639999223
53,1791,0.65,30.72212223329795
54,1860,0.65,32.73140973333284
55,1930,0.65,34.31591113335344
56,2002,0.65,36.10155423331586
57,2074,0.65,38.00675973337396
58,2148,0.65,40.28914850000547
59,2224,0.65,42.54823476668813
60,2301,0.65,45.02753196666163
61,2379,0.65,47.22844860002624
62,2458,0.65,49.482105566661026
63,2538,0.65,51.85541103329948
64,2620,0.65,54.223672133336244
65,2704,0.65,57.37079443338189
66,2788,0.65,60.29782786661902
67,2874,0.65,62.62939990003057
68,2961,0.65,65.3327221666738
69,3049,0.65,68.14658883329987
70,3139,0.65,71.35932216663907
71,3230,0.65,74.25813886664703
72,3322,0.65,77.53595153330934
73,3416,0.65,80.61386520002998
74,3511,0.65,83.95427639999677
75,3607,0.65,87.46878476667916
76,3705,0.65,90.7159513333075
77,3803,0.65,94.6004179999818
78,3903,0.65,97.94924996672307
79,4005,0.65,101.51041943336168
80,4108,0.65,105.73844876669985
81,4212,0.65,109.34702916664112
82,4317,0.65,113.26979023334995
83,4423,0.65,117.71739036666986
84,4531,0.65,122.0643278000504
85,4641,0.65,130.97080969995054
86,4751,0.65,131.25934306661597
87,4863,0.65,136.16141673329972
88,4976,0.65,141.31452356665855
89,5090,0.65,145.3924417000053
90,5206,0.65,151.87826659997276
91,5323,0.65,156.12415003338356
92,5441,0.65,160.67277773337688
93,5561,0.65,167.34126660004827
94,5682,0.65,171.69527223328865
95,5804,0.65,177.48847776662538
96,5928,0.65,186.4558945332798
97,6052,0.65,188.15861400004601
98,6178,0.65,194.07853196665505
99,6306,0.65,201.20927356667076
100,6435,0.65,206.23826803333336
1,0,0.7,0.0010277666812423074
2,1,0.7,0.003120833374244588
3,4,0.7,0.008077800021055737
4,8,0.7,0.017045900009785935
5,14,0.7,0.03194440000697796
6,21,0.7,0.05413896663715908
7,29,0.7,0.08189029999812192
8,39,0.7,0.1202667333776238
9,50,0.7,0.17002363333631365
10,62,0.7,0.22935423339731642
11,77,0.7,0.3017554999587446
12,92,0.7,0.39108053333620774
13,109,0.7,0.49541663339975156
14,127,0.7,0.614438866674997
15,147,0.7,0.7464792333090978
16,168,0.7,0.9061513000081808
17,190,0.7,1.076699933355485
18,214,0.7,1.2834206999893165
19,239,0.7,1.497223600002447
20,266,0.7,1.7288222332960383
21,294,0.7,2.0092903667015585
22,323,0.7,2.3024945333418145
23,354,0.7,2.6185125000059393
24,386,0.7,2.985372233342787
25,420,0.7,3.3500277333738873
26,454,0.7,3.7712694333398153
27,491,0.7,4.209406899993458
28,529,0.7,4.691370866642804
29,568,0.7,5.199262600020423
30,609,0.7,5.754500000042147
31,651,0.7,6.35487929998817
32,694,0.7,6.991590233322616
33,739,0.7,7.650683333334503
34,785,0.7,8.377687466615194
35,833,0.7,9.132904099988082
36,882,0.7,10.187809666664785
37,932,0.7,10.816654133335154
38,984,0.7,11.694101233327578
39,1037,0.7,12.629352766665155
40,1092,0.7,13.615645799942891
41,1148,0.7,14.625317999980325
42,1205,0.7,15.737575066699113
43,1264,0.7,16.790951333329456
44,1324,0.7,18.084394499995444
45,1386,0.7,19.369008399977854
46,1449,0.7,20.75461386665059
47,1513,0.7,21.98581950001426
48,1579,0.7,23.767667999982223
49,1646,0.7,24.849810999967303
50,1715,0.7,26.943256966675715
51,1785,0.7,28.331149966667606
52,1856,0.7,29.857309733339815
53,1929,0.7,31.865230633350922
54,2003,0.7,33.699419466681015
55,2079,0.7,35.530259633363436
56,2156,0.7,38.061704200026725
57,2234,0.7,39.73960546666907
58,2314,0.7,42.04946246663894
59,2395,0.7,44.30181803337897
60,2478,0.7,46.5676042333295
61,2562,0.7,49.05662363335068
62,2647,0.7,51.77671110007699
63,2734,0.7,53.926156966675386
64,2822,0.7,56.94668893332467
65,2912,0.7,59.72108749998976
66,3003,0.7,62.437854133243796
67,3095,0.7,65.03719856668795
68,3189,0.7,67.82347083336997
69,3284,0.7,71.16454183334706
70,3381,0.7,73.62184716672952
71,3479,0.7,77.28656393331524
72,3578,0.7,80.00826529999661
73,3679,0.7,83.69792079999267
74,3781,0.7,87.57411809997393
75,3884,0.7,91.06907240000812
76,3989,0.7,94.50399306665531
77,4096,0.7,97.88132783332912
78,4204,0.7,102.57810833334891
79,4313,0.7,107.04563606671702
80,4424,0.7,110.46817493330916
81,4536,0.7,114.35025416669002
82,4649,0.7,118.08504720003536
83,4764,0.7,122.94906243338725
84,4880,0.7,128.38944993333521
85,4998,0.7,132.71762356665326
86,5117,0.7,137.94041260002814
87,5237,0.7,141.95969579992985
88,5359,0.7,147.77633750002983
89,5482,0.7,152.3238750000322
90,5607,0.7,156.55336663333705
91,5733,0.7,162.0416194000427
92,5860,0.7,167.62511109997527
93,5989,0.7,174.1622666666899
94,6119,0.7,179.79699726662753
95,6251,0.7,184.35436810003316
96,6384,0.7,192.24768473332006
97,6518,0.7,199.87947786674644
98,6654,0.7,201.93234036666277
99,6791,0.7,209.31783466667184
100,6930,0.7,215.93711529997867
1,0,0.75,0.0010194666932269076
2,1,0.75,0.003269466636387127
3,4,0.75,0.00814303334664146
4,9,0.75,0.017184833238085655
5,15,0.75,0.03304710001733232
6,22,0.75,0.05432906667313849
7,31,0.75,0.08314586660465768
8,42,0.75,0.12309159998646162
9,54,0.75,0.1728026999899157
10,67,0.75,0.23430839999794748
11,82,0.75,0.3058972666925304
12,99,0.75,0.3960582666877599
13,117,0.75,0.5050320333793934
14,136,0.75,0.6217110333333645
15,157,0.75,0.7631819333558573
16,180,0.75,0.9192860666795847
17,204,0.75,1.105959766664455
18,229,0.75,1.3010666000354831
19,256,0.75,1.535291633323747
20,285,0.75,1.7829944999903091
21,315,0.75,2.0557223000196245
22,346,0.75,2.3584458666543164
23,379,0.75,2.6700597333122764
24,414,0.75,3.0459125666311593
25,450,0.75,3.4272887999880672
26,487,0.75,3.8501528333502697
27,526,0.75,4.29818466670137
28,567,0.75,4.804944366651398
29,609,0.75,5.338344566704715
30,652,0.75,6.079684733276736
31,697,0.75,6.51434163326788
32,744,0.75,7.2067903666417505
33,792,0.75,7.867094399928949
34,841,0.75,8.598331966671443
35,892,0.75,9.529712500034293
36,945,0.75,10.222719600066435
37,999,0.75,11.186134766679364
38,1054,0.75,11.998590266633377
39,1111,0.75,13.11699846664851
40,1170,0.75,14.15419026670861
41,1230,0.75,15.066527800096688
42,1291,0.75,16.305709800008117
43,1354,0.75,17.714684799951403
44,1419,0.75,18.696690266673006
45,1485,0.75,20.100920933282396
46,1552,0.75,21.613622266613675
47,1621,0.75,22.844013999974777
48,1692,0.75,24.319533300013063
49,1764,0.75,25.807716733394653
50,1837,0.75,27.379893099972225
51,1912,0.75,29.493159666662905
52,1989,0.75,31.08763066669174
53,2067,0.75,33.110436300012225
54,2146,0.75,34.860234666666656
55,2227,0.75,36.90444439995796
56,2310,0.75,38.89940276667403
57,2394,0.75,41.42000003330395
58,2479,0.75,44.05709180008065
59,2566,0.75,45.605890433322806
60,2655,0.75,47.886374933356514
61,2745,0.75,50.516922233312776
62,2836,0.75,53.25051256668303
63,2929,0.75,55.395626333347536
64,3024,0.75,58.48977503336149
65,3120,0.75,61.318969500022526
66,3217,0.75,64.12613596664112
67,3316,0.75,66.41817633332418
68,3417,0.75,69.98386250005144
69,3519,0.75,72.83494716663579
70,3622,0.75,75.967083333353
71,3727,0.75,79.43939853334996
72,3834,0.75,83.09340979999433
73,3942,0.75,86.68462926668023
74,4051,0.75,92.11583883340306
75,4162,0.75,96.12021943333578
76,4275,0.75,97.654009766696
77,4389,0.75,101.38537919995845
78,4504,0.75,106.18802366669418
79,4621,0.75,110.70112926662053
80,4740,0.75,115.24496103335575
81,4860,0.75,119.70794596666867
82,4981,0.75,123.49214050003259
83,5104,0.75,129.00923460003165
84,5229,0.75,132.95682350000484
85,5355,0.75,137.99579456667743
86,5482,0.75,143.74220690001493
87,5611,0.75,148.44763186668692
88,5742,0.75,157.47121110002809
89,5874,0.75,158.53984023337944
90,6007,0.75,164.33931380001923
91,6142,0.75,170.01277643331983
92,6279,0.75,174.26167083334198
93,6417,0.75,179.3111221999728
94,6556,0.75,186.7225402332982
95,6697,0.75,191.7650791333017
96,6840,0.75,199.583188900048
97,6984,0.75,204.28844303329848
98,7129,0.75,210.84999439999592
99,7276,0.75,216.76109999998516
100,7425,0.75,224.77950413334233
1,0,0.8,0.0017041666827329511
2,1,0.8,0.0033402333428966813
3,4,0.8,0.008970966640238961
4,9,0.8,0.0182138666332321
5,16,0.8,0.03463333335578985
6,24,0.8,0.05698743326926584
7,33,0.8,0.08658463336056836
8,44,0.8,0.13116113330700804
9,57,0.8,0.18515829997340916
10,72,0.8,0.2480000666613099
11,88,0.8,0.3268708333507675
12,105,0.8,0.41698613331391243
13,124,0.8,0.5247860000054061
14,145,0.8,0.6504764667018511
15,168,0.8,0.798566600057408
16,192,0.8,0.9628708000036568
17,217,0.8,1.1424820000684122
18,244,0.8,1.3522610333438934
19,273,0.8,1.5963762333285558
20,304,0.8,1.8497471333679034
21,336,0.8,2.315909766684854
22,369,0.8,2.4440972333347113
23,404,0.8,2.799108366677198
24,441,0.8,3.164902733336324
25,480,0.8,3.5690569999890918
26,520,0.8,4.00131256660643
27,561,0.8,4.451183333352067
28,604,0.8,4.963637566637165
29,649,0.8,5.5138569999598985
30,696,0.8,6.098906866615532
31,744,0.8,6.768774999954985
32,793,0.8,7.386788933339024
33,844,0.8,8.179637566642365
34,897,0.8,8.898037566708203
35,952,0.8,9.826311133322937
36,1008,0.8,10.679059666639054
37,1065,0.8,11.526069333391812
38,1124,0.8,12.581877866644694
39,1185,0.8,13.655759700001605
40,1248,0.8,14.589080500005972
41,1312,0.8,15.611652999981137
42,1377,0.8,16.712905600009737
43,1444,0.8,18.13509033339263
44,1513,0.8,19.201837433365654
45,1584,0.8,20.675326433365626
46,1656,0.8,22.36070833331117
47,1729,0.8,23.64704163337592
48,1804,0.8,25.229148633328197
49,1881,0.8,26.762901366661634
50,1960,0.8,28.29639296667968
51,2040,0.8,30.22044863331151
52,2121,0.8,32.22637640005814
53,2204,0.8,34.13870276667694
54,2289,0.8,36.33593613332474
55,2376,0.8,38.534831966641526
56,2464,0.8,40.250759833346216
57,2553,0.8,42.46802503333432
58,2644,0.8,44.78630973333869
59,2737,0.8,46.86309583339607
60,2832,0.8,49.891548599968395
61,2928,0.8,52.220308366683334
62,3025,0.8,54.67758326672083
63,3124,0.8,57.737269466694364
64,3225,0.8,60.43376663336252
65,3328,0.8,63.23084170001797
66,3432,0.8,65.71428190001522
67,3537,0.8,69.24350963330046
68,3644,0.8,72.43869446665485
69,3753,0.8,75.5406291667138
70,3864,0.8,78.99173049995625
71,3976,0.8,82.78820423330824
72,4089,0.8,85.49485690004985
73,4204,0.8,89.40076659998037
74,4321,0.8,93.09426543338002
75,4440,0.8,97.65934873333511
76,4560,0.8,100.88695280002564
77,4681,0.8,105.77128049999374
78,4804,0.8,110.31411673328269
79,4929,0.8,114.23938193330893
80,5056,0.8,118.71103896667894
81,5184,0.8,122.95386809999702
82,5313,0.8,126.63712346666216
83,5444,0.8,131.3885139334161
84,5577,0.8,137.57329443331705
85,5712,0.8,142.18271506667102
86,5848,0.8,149.30049580005593
87,5985,0.8,154.4156985999507
88,6124,0.8,164.87797780003652
89,6265,0.8,199.9177833999814
90,6408,0.8,188.6092970667202
91,6552,0.8,174.3539778000013
92,6697,0.8,179.2943806666699
93,6844,0.8,185.59181390005506
94,6993,0.8,190.49333896667426
95,7144,0.8,198.88960696663767
96,7296,0.8,204.7845943332959
97,7449,0.8,211.95067909998215
98,7604,0.8,218.65460969996397
99,7761,0.8,226.1859819666673
100,7920,0.8,234.43187646663924
1,0,0.85,0.0012596666996008328
2,1,0.85,0.0034389333147070524
3,5,0.85,0.008612366703649363
4,10,0.85,0.018870966626612546
5,17,0.85,0.03469716666586464
6,25,0.85,0.05717510004312013
7,35,0.85,0.08862503335270351
8,47,0.85,0.13054029997571584
9,61,0.85,0.18325973334564574
10,76,0.85,0.2470527333419644
11,93,0.85,0.32493616666518693
12,112,0.85,0.4213138333398092
13,132,0.85,0.5344125333219077
14,154,0.85,0.6596556333533954
15,178,0.85,0.8045943332945171
16,204,0.85,0.9726140333441435
17,231,0.85,1.1768818333469728
18,260,0.85,1.3889819666474068
19,290,0.85,1.6307679999651252
20,323,0.85,1.9015611333391764
21,357,0.85,2.1827055999741183
22,392,0.85,2.508432033300778
23,430,0.85,2.8696070666986393
24,469,0.85,3.28578049996698
25,510,0.85,3.732276366690712
26,552,0.85,4.193426366646236
27,596,0.85,4.614151399982802
28,642,0.85,5.179645766702379
29,690,0.85,5.7614180333530385
30,739,0.85,6.343670799985072
31,790,0.85,7.02390839999983
32,843,0.85,7.7035402665994
33,897,0.85,8.335098533340593
34,953,0.85,9.149511200030247
35,1011,0.85,10.058787433354155
36,1071,0.85,11.037009633309935
37,1132,0.85,11.98075826667567
38,1195,0.85,12.949381966654983
39,1259,0.85,14.043479133321549
40,1326,0.85,15.085548633336051
41,1394,0.85,16.25230833333262
42,1463,0.85,17.45364446661976
43,1535,0.85,18.800237433333677
44,1608,0.85,20.14899176668526
45,1683,0.85,21.451237466635575
46,1759,0.85,23.090529099908963
47,1837,0.85,24.941408266658982
48,1917,0.85,26.256567933342012
49,1999,0.85,27.907980599957227
50,2082,0.85,29.684465333336146
51,2167,0.85,31.537970833308766
52,2254,0.85,33.51875976669968
53,2342,0.85,35.527366500036806
54,2432,0.85,37.52066253334002
55,2524,0.85,39.596341800006485
56,2618,0.85,41.835429100016576
57,2713,0.85,44.042494433324464
58,2810,0.85,46.63372356662876
59,2908,0.85,48.609531766669534
60,3009,0.85,51.02941536670187
61,3111,0.85,53.667058366621255
62,3214,0.85,56.28576389996548
63,3320,0.85,60.48423176668317
64,3427,0.85,62.67056260000269
65,3536,0.85,64.78005416665837
66,3646,0.85,67.81667219999387
67,3758,0.85,71.42656810001426
68,3872,0.85,74.44749439999516
69,3988,0.85,78.02514863334788
70,4105,0.85,84.50815696661873
71,4224,0.85,84.44059013330236
72,4345,0.85,87.94803603332184
73,4467,0.85,91.63011396658476
74,4591,0.85,96.18355833334438
75,4717,0.85,99.87133470002239
76,4845,0.85,104.26787226663994
77,4974,0.85,108.34331250002833
78,5105,0.85,112.16536110005109
79,5237,0.85,115.96354999999978
80,5372,0.85,120.54156393326896
81,5508,0.85,125.22311380002975
82,5645,0.85,129.87029593336956
83,5785,0.85,135.44919299997673
84,5926,0.85,140.302086066716
85,6069,0.85,145.03173053326464
86,6213,0.85,149.77394580003724
87,6359,0.85,155.5716749666317
88,6507,0.85,160.68172216672187
89,6657,0.85,166.30363469997368
90,6808,0.85,175.70423203334636
91,6961,0.85,178.9511041333602
92,7116,0.85,185.40768750003735
93,7272,0.85,189.82563883338722
94,7430,0.85,195.92127643331878
95,7590,0.85,202.51940266662132
96,7752,0.85,210.08988610001325
97,7915,0.85,216.820398466704
98,8080,0.85,225.3680791666587
99,8246,0.85,232.15484293333853
100,8415,0.85,238.1673805334079
1,0,0.9,0.0015069333130668383
2,1,0.9,0.0034373999824310886
3,5,0.9,0.009115266660349638
4,10,0.9,0.01857776677146224
5,18,0.9,0.03491236661830044
6,27,0.9,0.05851666671029913
7,37,0.9,0.09073043329408392
8,50,0.9,0.13403339997542693
9,64,0.9,0.18672216669983754
10,81,0.9,0.25451383333650784
11,99,0.9,0.3370998666620532
12,118,0.9,0.429280599928461
13,140,0.9,0.5500223333153068
14,163,0.9,0.6813944666040092
15,189,0.9,0.8315597332966718
16,216,0.9,1.006984700021955
17,244,0.9,1.2040957332828839
18,275,0.9,1.4224164999783777
19,307,0.9,1.6529220999624765
20,342,0.9,1.9389915999757552
21,378,0.9,2.3134026666260374
22,415,0.9,2.5684944666409137
23,455,0.9,2.9379639000429356
24,496,0.9,3.324262466685468
25,540,0.9,3.764794399952128
26,585,0.9,4.220688766660412
27,631,0.9,4.7404389333829995
28,680,0.9,5.260418233319797
29,730,0.9,5.860099966669925
30,783,0.9,6.480919566638477
31,837,0.9,7.104762599950239
32,892,0.9,7.825579133304927
33,950,0.9,8.56684300000173
34,1009,0.9,9.43337766661898
35,1071,0.9,10.265358266694117
36,1134,0.9,11.291826533351923
37,1198,0.9,12.299651433325684
38,1265,0.9,13.280626300047516
39,1333,0.9,14.3099417333057
40,1404,0.9,15.434770899992145
41,1476,0.9,16.579252833374387
42,1549,0.9,17.838415333320274
43,1625,0.9,19.186825133313807
44,1702,0.9,20.64680413329067
45,1782,0.9,21.890406900001835
46,1863,0.9,23.59070823337485
47,1945,0.9,25.16100429998005
48,2030,0.9,26.866911000070104
49,2116,0.9,28.575709733377153
50,2205,0.9,30.373195766636247
51,2295,0.9,32.32105550000597
52,2386,0.9,34.43945546675119
53,2480,0.9,36.2033959333227
54,2575,0.9,38.43451789998653
55,2673,0.9,40.763086133286684
56,2772,0.9,42.98732079998141
57,2872,0.9,45.1695667333297
58,2975,0.9,47.69040123336102
59,3079,0.9,50.138467966705015
60,3186,0.9,52.854758266660916
61,3294,0.9,55.78503329998057
62,3403,0.9,58.3946959333692
63,3515,0.9,63.29742779997408
64,3628,0.9,65.53936659997817
65,3744,0.9,67.70834446663987
66,3861,0.9,70.6676055333143
67,3979,0.9,74.0890540667048
68,4100,0.9,77.34188329997475
69,4222,0.9,80.39195146661768
70,4347,0.9,84.09454313338453
71,4473,0.9,87.39862503334734
72,4600,0.9,91.26711943325365
73,4730,0.9,95.05160843332305
74,4861,0.9,99.15996123333268
75,4995,0.9,102.82854446662289
76,5130,0.9,107.0810779333442
77,5266,0.9,111.2075943999874
78,5405,0.9,115.71848046667886
79,5545,0.9,120.21555829998458
80,5688,0.9,124.95137786669754
81,5832,0.9,130.0252250333718
82,5977,0.9,134.4796431000153
83,6125,0.9,139.83799303334004
84,6274,0.9,145.41173886667215
85,6426,0.9,150.98042926671647
86,6579,0.9,155.2767444000286
87,6733,0.9,160.46063336669553
88,6890,0.9,166.2970929667002
89,7048,0.9,172.05787916665636
90,7209,0.9,177.45479726660656
91,7371,0.9,183.80112916668926
92,7534,0.9,190.28543069995672
93,7700,0.9,196.54365546668183
94,7867,0.9,202.55364853337596
95,8037,0.9,210.01224593334578
96,8208,0.9,218.67804860004676
97,8380,0.9,224.6910777334051
98,8555,0.9,232.65231120000558
99,8731,0.9,236.98205946667863
100,8910,0.9,245.2813916000044
1,0,0.95,0.0010542333257035352
2,1,0.95,0.0034874667107942514
3,5,0.95,0.009037466710045313
4,11,0.95,0.01983333331736503
5,19,0.95,0.03582923336580279
6,28,0.95,0.06011113335565218
7,39,0.95,0.09375286663271254
8,53,0.95,0.13621390003208944
9,68,0.95,0.19233610000810586
10,85,0.95,0.26064433336614456
11,104,0.95,0.34561793337767693
12,125,0.95,0.44411116664377914
13,148,0.95,0.5611042333233248
14,172,0.95,0.7071638667033161
15,199,0.95,0.8573985666468312
16,228,0.95,1.0427540666569257
17,258,0.95,1.2389416999667446
18,290,0.95,1.473095866716297
19,324,0.95,1.7399666000073921
20,361,0.95,2.008968066684247
21,399,0.95,2.3100708666940286
22,438,0.95,2.6737693666291307
23,480,0.95,3.0172764000174843
24,524,0.95,3.4288624666714895
25,570,0.95,3.8627125333277945
26,617,0.95,4.372455466697526
27,666,0.95,4.939176433360141
28,718,0.95,5.492777699995107
29,771,0.95,6.0872320000423015
30,826,0.95,6.724343133297832
31,883,0.95,7.43593746666799
32,942,0.95,8.173638833295627
33,1003,0.95,8.9800513332951
34,1065,0.95,9.82296113332571
35,1130,0.95,10.761802633320864
36,1197,0.95,11.667062666720085
37,1265,0.95,13.051917999973739
38,1335,0.95,13.926102866707879
39,1407,0.95,14.876907100006065
40,1482,0.95,16.074283333333977
41,1558,0.95,17.195090333310265
42,1635,0.95,18.619073699968187
43,1715,0.95,19.87917213335398
44,1797,0.95,21.301080566702996
45,1881,0.95,22.74233479997747
46,1966,0.95,24.359048599990274
47,2053,0.95,25.91861109998111
48,2143,0.95,27.679708266668968
49,2234,0.95,31.182584766672033
50,2327,0.95,31.338577833321324
51,2422,0.95,33.37843326667098
52,2519,0.95,35.34726110004461
53,2618,0.95,37.27803889999753
54,2718,0.95,39.49282226669008
55,2821,0.95,41.72955973332743
56,2926,0.95,44.66304026673242
57,3032,0.95,46.37607086668444
58,3140,0.95,48.98456243325503
59,3250,0.95,51.774901533326556
60,3363,0.95,54.80832640000699
61,3477,0.95,57.272822100033714
62,3592,0.95,60.407330666672955
63,3710,0.95,63.455786233331914
64,3830,0.95,66.36758883334248
65,3952,0.95,69.65428326670917
66,4075,0.95,72.83684446667091
67,4200,0.95,76.12620976666828
68,4328,0.95,80.08891396666513
69,4457,0.95,87.99683486668073
70,4588,0.95,87.26394166663643
71,4721,0.95,90.83323743331373
72,4856,0.95,95.06889440002244
73,4993,0.95,98.84348616660645
74,5131,0.95,102.93032086660787
75,5272,0.95,107.18585553328619
76,5415,0.95,111.46073603332904
77,5559,0.95,116.05576950002312
78,5705,0.95,120.69200136667557
79,5853,0.95,125.49636123324792
80,6004,0.95,130.99517909995484
81,6156,0.95,135.4933695334997
82,6309,0.95,140.71857083332966
83,6465,0.95,145.2831334666674
84,6623,0.95,150.93212350011527
85,6783,0.95,156.36487783346334
86,6944,0.95,161.61017083322804
87,7107,0.95,166.7493097666617
88,7273,0.95,173.0205929667136
89,7440,0.95,178.81945419997768
90,7609,0.95,186.47037366666459
91,7780,0.95,190.67947633332855
92,7953,0.95,202.92842636663408
93,8128,0.95,204.49273193341165
94,8304,0.95,211.56197500010117
95,8483,0.95,216.5897861
96,8664,0.95,224.62636250005139
97,8846,0.95,230.85345406670967
98,9030,0.95,238.5678098000426
99,9216,0.95,246.1777611668064
100,9405,0.95,253.35709436664425
1,0,1,0.0013624333708624665
2,2,1,0.0034902332724110843
3,6,1,0.009380600113217952
4,12,1,0.019830499907887617
5,20,1,0.037136200080567505
6,30,1,0.062109699926319685
7,42,1,0.09470416668288333
8,56,1,0.14025003320057294
9,72,1,0.1958624665045742
10,90,1,0.26659866659125936
11,110,1,0.35325556658184115
12,132,1,0.4564348332375327
13,156,1,0.5767819998861038
14,182,1,0.7160458332691633
15,210,1,0.8695209000203855
16,240,1,1.0923459000575046
17,272,1,1.2859556001179346
18,306,1,1.5262985001148384
19,342,1,1.7906624999947478
20,380,1,2.068666699900253
21,420,1,2.3932263334245363
22,462,1,2.7477166666358244
23,506,1,3.133066633351215
24,552,1,3.5505221665819895
25,600,1,3.9857276666831845
26,650,1,4.493809800048136
27,702,1,4.983191566619401
28,756,1,5.639188833295823
29,812,1,6.233523633363802
30,870,1,6.9072305666243965
31,930,1,7.589684600073572
32,992,1,8.382726333335691
33,1056,1,9.185600066636349
34,1122,1,10.059586233273876
35,1190,1,10.92758889999459
36,1260,1,12.006787466574073
37,1332,1,13.031618033225337
38,1406,1,14.34264299999389
39,1482,1,15.179781933269018
40,1560,1,16.475816666691873
41,1640,1,17.871090166681824
42,1722,1,19.361955500032007
43,1806,1,20.460754199878767
44,1892,1,22.182362500037318
45,1980,1,23.43704439999783
46,2070,1,25.268352699974155
47,2162,1,26.906136066675874
48,2256,1,28.533923666661092
49,2352,1,30.550164000032964
50,2450,1,32.45990276661056
51,2550,1,34.17624589995588
52,2652,1,36.37489030003659
53,2756,1,38.369370700032356
54,2862,1,40.59645700002269
55,2970,1,43.05487783328014
56,3080,1,45.26762370011662
57,3192,1,47.843612499976494
58,3306,1,50.33135976673293
59,3422,1,52.930931966784556
60,3540,1,55.89963883336774
61,3660,1,58.70549579998018
62,3782,1,62.08460556660308
63,3906,1,64.93264580003597
64,4032,1,67.94510563337705
65,4160,1,71.04612776665817
66,4290,1,74.59309026668659
67,4422,1,77.68097226656512
68,4556,1,81.68305543340466
69,4692,1,84.86994993336339
70,4830,1,88.76274443340056
71,4970,1,92.59361379996942
72,5112,1,96.76445706672894
73,5256,1,101.72921123324461
74,5402,1,105.54128476675639
75,5550,1,110.19511543333162
76,5700,1,117.84316946662632
77,5852,1,119.53005839998998
78,6006,1,123.89055406656553
79,6162,1,129.72729173331268
80,6320,1,134.61269440000856
81,6480,1,139.05273329995302
82,6642,1,144.28575829994466
83,6806,1,149.7160694332706
84,6972,1,155.01190143325707
85,7140,1,160.53179030007718
86,7310,1,167.00471816654195
87,7482,1,172.4886763666594
88,7656,1,178.71235563349424
89,7832,1,185.05970273339094
90,8010,1,190.9962889666834
91,8190,1,196.52880146656267
92,8372,1,207.0676694666569
93,8556,1,210.33213186662275
94,8742,1,216.91965003331765
95,8930,1,223.736261066612
96,9120,1,231.52138333334733
97,9312,1,239.007734633257
98,9506,1,249.87087916670134
99,9702,1,256.2936402667522
100,9900,1,261.7375833333426
